Metrica,Valor
MAE_TRAIN,124622.69260484258
RMSE_TRAIN,186042.15773050167
MAPE_TRAIN,0.09055251423878999
MAE_TEST,234325.4823606997
RMSE_TEST,495819.2267330402
MAPE_TEST,0.09360812025660502
R2_TEST,0.9430472448538254
